{"uid":{"synced":true,"value":"regHw_6TFQb_ONu_A0","valueType":"STRING"},"osVersion":{"synced":true,"value":"35","valueType":"LONG"},"buildVersion":{"synced":true,"value":"13024","valueType":"LONG"},"appVersion":{"synced":true,"value":"1.108.0","valueType":"STRING"},"libraryVersion":{"synced":true,"value":"1.1.0","valueType":"STRING"},"token":{"synced":true,"value":"dkORs0bwQAmfKS-KesV2p2:APA91bGDUfjJdP89xXwH5-V3h1YsCaP4ya1ZWkxHVEUzNeiQ3rN-lyhONHcV5Ywqq0fCV3ffMLvcpHDyRcVN2teVlsMWVW8DVokVm23HXJCMDrYoLper6vI","valueType":"STRING"}}