{"Fid":"dkORs0bwQAmfKS-KesV2p2","Status":3,"AuthToken":"eyJhbGciOiJFUzI1NiIsInR5cCI6IkpXVCJ9.eyJhcHBJZCI6IjE6OTE2Mjc3MTU2NDgyOmFuZHJvaWQ6MmExODk2NGQ4MzllZTE3YSIsImV4cCI6MTc1NTIyMzQ0MSwiZmlkIjoiZGtPUnMwYndRQW1mS1MtS2VzVjJwMiIsInByb2plY3ROdW1iZXIiOjkxNjI3NzE1NjQ4Mn0.AB2LPV8wRAIgc7wI4mBVBK8mSHQrHR92nDhebabsUFO4VoK47CzryPgCICh-euGIWJ0r8Ccp4_4dT8P1RZ5kh3FRalvm6UhXxiz1","RefreshToken":"3_AS3qfwKRHnjfIKwBJ94E87EftnxtLBVpFxYlqVlrdRALUx3R-iQnO9iFJYWy7M23A1Y49_qQEQVxPSZ5JP2G_D1L8oqsoMNBFX5IhLSPpbkYHCU","TokenCreationEpochInSecs":1754618641,"ExpiresInSecs":604800}